{
    "total_students": 3,
    "average_math": 84.33333333333333,
    "average_cs": 91.0,
    "average_english": 85.66666666666667,
    "active_students": 2,
    "inactive_students": 1
}